{"lr": 0.1, "data_time": 0.02689549922943115, "loss": 2.2676329374313355, "time": 0.11029927730560303, "epoch": 1, "iter": 10, "memory": 120, "step": 10}
{"lr": 0.1, "data_time": 0.02295358180999756, "loss": 2.118515157699585, "time": 0.031020808219909667, "epoch": 1, "iter": 20, "memory": 120, "step": 20}
{"lr": 0.1, "data_time": 0.022223186492919923, "loss": 2.1170458436012267, "time": 0.02906925678253174, "epoch": 1, "iter": 30, "memory": 120, "step": 30}
{"lr": 0.1, "data_time": 0.023066234588623048, "loss": 2.103227376937866, "time": 0.029178619384765625, "epoch": 1, "iter": 40, "memory": 120, "step": 40}
{"lr": 0.1, "data_time": 0.020864105224609374, "loss": 2.0907984375953674, "time": 0.0283355712890625, "epoch": 1, "iter": 50, "memory": 120, "step": 50}
{"lr": 0.1, "data_time": 0.021062707901000975, "loss": 2.1594653367996215, "time": 0.026714181900024413, "epoch": 1, "iter": 60, "memory": 120, "step": 60}
{"lr": 0.1, "data_time": 0.01921839714050293, "loss": 2.1375433206558228, "time": 0.026089406013488768, "epoch": 1, "iter": 70, "memory": 120, "step": 70}
{"lr": 0.1, "data_time": 0.01909196376800537, "loss": 2.1486760139465333, "time": 0.02549026012420654, "epoch": 1, "iter": 80, "memory": 120, "step": 80}
{"lr": 0.1, "data_time": 0.01909494400024414, "loss": 2.1006489992141724, "time": 0.025879788398742675, "epoch": 1, "iter": 90, "memory": 120, "step": 90}
{"lr": 0.1, "data_time": 0.019802212715148926, "loss": 2.109910321235657, "time": 0.025519323348999024, "epoch": 1, "iter": 100, "memory": 120, "step": 100}
{"lr": 0.1, "data_time": 0.019374394416809083, "loss": 2.146135401725769, "time": 0.0256244421005249, "epoch": 1, "iter": 110, "memory": 120, "step": 110}
{"lr": 0.1, "data_time": 0.018900537490844728, "loss": 2.106787085533142, "time": 0.024959301948547362, "epoch": 1, "iter": 120, "memory": 120, "step": 120}
{"lr": 0.1, "data_time": 0.018525195121765137, "loss": 2.0948329091072084, "time": 0.025048708915710448, "epoch": 1, "iter": 130, "memory": 120, "step": 130}
{"lr": 0.1, "data_time": 0.01981663703918457, "loss": 2.058004009723663, "time": 0.024937367439270018, "epoch": 1, "iter": 140, "memory": 120, "step": 140}
{"lr": 0.1, "data_time": 0.019256949424743652, "loss": 2.0288609981536867, "time": 0.024466419219970705, "epoch": 1, "iter": 150, "memory": 120, "step": 150}
{"lr": 0.1, "data_time": 0.019929718971252442, "loss": 2.043013882637024, "time": 0.024740886688232423, "epoch": 1, "iter": 160, "memory": 120, "step": 160}
{"lr": 0.1, "data_time": 0.019339370727539062, "loss": 2.0434308290481566, "time": 0.024482011795043945, "epoch": 1, "iter": 170, "memory": 120, "step": 170}
{"lr": 0.1, "data_time": 0.019512271881103514, "loss": 2.0096683382987974, "time": 0.024715781211853027, "epoch": 1, "iter": 180, "memory": 120, "step": 180}
{"lr": 0.1, "data_time": 0.019185137748718262, "loss": 2.0643655896186828, "time": 0.024198484420776368, "epoch": 1, "iter": 190, "memory": 120, "step": 190}
{"lr": 0.1, "data_time": 0.018911004066467285, "loss": 2.0106682658195494, "time": 0.023916053771972656, "epoch": 1, "iter": 200, "memory": 120, "step": 200}
{"lr": 0.1, "data_time": 0.019592833518981934, "loss": 1.9976418256759643, "time": 0.02555348873138428, "epoch": 1, "iter": 210, "memory": 120, "step": 210}
{"lr": 0.1, "data_time": 0.019121766090393066, "loss": 1.993321943283081, "time": 0.025456333160400392, "epoch": 1, "iter": 220, "memory": 120, "step": 220}
{"lr": 0.1, "data_time": 0.019223666191101073, "loss": 1.991253411769867, "time": 0.025916361808776857, "epoch": 1, "iter": 230, "memory": 120, "step": 230}
{"lr": 0.1, "data_time": 0.018894147872924805, "loss": 1.9414952039718627, "time": 0.026744580268859862, "epoch": 1, "iter": 240, "memory": 120, "step": 240}
{"lr": 0.1, "data_time": 0.019933104515075684, "loss": 2.007488691806793, "time": 0.027303075790405272, "epoch": 1, "iter": 250, "memory": 120, "step": 250}
{"lr": 0.1, "data_time": 0.019397568702697755, "loss": 1.9735231161117555, "time": 0.027472972869873047, "epoch": 1, "iter": 260, "memory": 120, "step": 260}
{"lr": 0.1, "data_time": 0.02005143165588379, "loss": 1.9432466745376586, "time": 0.02723362445831299, "epoch": 1, "iter": 270, "memory": 120, "step": 270}
{"lr": 0.1, "data_time": 0.01930103302001953, "loss": 1.9788329958915711, "time": 0.027031755447387694, "epoch": 1, "iter": 280, "memory": 120, "step": 280}
{"lr": 0.1, "data_time": 0.019362688064575195, "loss": 1.9591241955757142, "time": 0.026720976829528807, "epoch": 1, "iter": 290, "memory": 120, "step": 290}
{"lr": 0.1, "data_time": 0.020008540153503417, "loss": 1.9232049942016602, "time": 0.02796511650085449, "epoch": 1, "iter": 300, "memory": 120, "step": 300}
{"lr": 0.1, "data_time": 0.019939875602722167, "loss": 1.864851450920105, "time": 0.027882027626037597, "epoch": 1, "iter": 310, "memory": 120, "step": 310}
{"lr": 0.1, "data_time": 0.02082674503326416, "loss": 1.8879001259803772, "time": 0.03052389621734619, "epoch": 1, "iter": 320, "memory": 120, "step": 320}
{"lr": 0.1, "data_time": 0.020163702964782714, "loss": 1.8496283292770386, "time": 0.029015135765075684, "epoch": 1, "iter": 330, "memory": 120, "step": 330}
{"lr": 0.1, "data_time": 0.019474172592163087, "loss": 1.8533974885940552, "time": 0.02961013317108154, "epoch": 1, "iter": 340, "memory": 120, "step": 340}
{"lr": 0.1, "data_time": 0.02067711353302002, "loss": 1.8404438018798828, "time": 0.029705357551574708, "epoch": 1, "iter": 350, "memory": 120, "step": 350}
{"lr": 0.1, "data_time": 0.019867968559265137, "loss": 1.7914594650268554, "time": 0.02942812442779541, "epoch": 1, "iter": 360, "memory": 120, "step": 360}
{"lr": 0.1, "data_time": 0.018021512031555175, "loss": 1.8354987740516662, "time": 0.029064202308654787, "epoch": 1, "iter": 370, "memory": 120, "step": 370}
{"lr": 0.1, "data_time": 0.01887557506561279, "loss": 1.821769380569458, "time": 0.029667019844055176, "epoch": 1, "iter": 380, "memory": 120, "step": 380}
{"lr": 0.1, "data_time": 0.01966414451599121, "loss": 1.8442548036575317, "time": 0.02937586307525635, "epoch": 1, "iter": 390, "memory": 120, "step": 390}
{"accuracy": 35.172000885009766, "data_time": 0.012092038493632051, "time": 0.018090914582352503, "step": 1}
{"lr": 0.09999383162408304, "data_time": 0.02168445587158203, "loss": 1.8050816893577575, "time": 0.0494647741317749, "epoch": 2, "iter": 401, "memory": 120, "step": 401}
{"lr": 0.09999383162408304, "data_time": 0.019756197929382324, "loss": 1.753811764717102, "time": 0.03966724872589111, "epoch": 2, "iter": 411, "memory": 120, "step": 411}
{"lr": 0.09999383162408304, "data_time": 0.019765496253967285, "loss": 1.8748695492744445, "time": 0.026755380630493163, "epoch": 2, "iter": 421, "memory": 120, "step": 421}
{"lr": 0.09999383162408304, "data_time": 0.02013540267944336, "loss": 1.8720451951026917, "time": 0.02610037326812744, "epoch": 2, "iter": 431, "memory": 120, "step": 431}
{"lr": 0.09999383162408304, "data_time": 0.019607853889465333, "loss": 1.7788235187530517, "time": 0.026591777801513672, "epoch": 2, "iter": 441, "memory": 120, "step": 441}
{"lr": 0.09999383162408304, "data_time": 0.018227791786193846, "loss": 1.7763936996459961, "time": 0.0265486478805542, "epoch": 2, "iter": 451, "memory": 120, "step": 451}
{"lr": 0.09999383162408304, "data_time": 0.020201659202575682, "loss": 1.728442871570587, "time": 0.025710749626159667, "epoch": 2, "iter": 461, "memory": 120, "step": 461}
{"lr": 0.09999383162408304, "data_time": 0.01821572780609131, "loss": 1.756351149082184, "time": 0.025519156455993654, "epoch": 2, "iter": 471, "memory": 120, "step": 471}
{"lr": 0.09999383162408304, "data_time": 0.017771649360656738, "loss": 1.7579383254051208, "time": 0.025999569892883302, "epoch": 2, "iter": 481, "memory": 120, "step": 481}
{"lr": 0.09999383162408304, "data_time": 0.018688344955444337, "loss": 1.720137393474579, "time": 0.027691292762756347, "epoch": 2, "iter": 491, "memory": 120, "step": 491}
{"lr": 0.09999383162408304,