{"lr": 0.1, "data_time": 0.0218839168548584, "loss": 6.442897510528565, "time": 0.07503299713134766, "epoch": 1, "iter": 10, "memory": 204, "step": 10}
{"lr": 0.1, "data_time": 0.020649480819702148, "loss": 3.3819538354873657, "time": 0.036871147155761716, "epoch": 1, "iter": 20, "memory": 204, "step": 20}
{"lr": 0.1, "data_time": 0.02194364070892334, "loss": 2.8779098987579346, "time": 0.0365145206451416, "epoch": 1, "iter": 30, "memory": 204, "step": 30}
{"lr": 0.1, "data_time": 0.022722196578979493, "loss": 2.909657692909241, "time": 0.03713247776031494, "epoch": 1, "iter": 40, "memory": 204, "step": 40}
{"lr": 0.1, "data_time": 0.022705984115600587, "loss": 2.633084750175476, "time": 0.039284706115722656, "epoch": 1, "iter": 50, "memory": 204, "step": 50}
{"lr": 0.1, "data_time": 0.022213101387023926, "loss": 2.6038304567337036, "time": 0.03905141353607178, "epoch": 1, "iter": 60, "memory": 204, "step": 60}
{"lr": 0.1, "data_time": 0.024578261375427245, "loss": 2.5692747592926026, "time": 0.04010553359985351, "epoch": 1, "iter": 70, "memory": 204, "step": 70}
{"lr": 0.1, "data_time": 0.02485349178314209, "loss": 2.2440151929855348, "time": 0.04078929424285889, "epoch": 1, "iter": 80, "memory": 204, "step": 80}
{"lr": 0.1, "data_time": 0.02608342170715332, "loss": 2.084861958026886, "time": 0.042205071449279784, "epoch": 1, "iter": 90, "memory": 204, "step": 90}
{"lr": 0.1, "data_time": 0.02769026756286621, "loss": 2.1063916802406313, "time": 0.04383997917175293, "epoch": 1, "iter": 100, "memory": 204, "step": 100}
{"lr": 0.1, "data_time": 0.028875160217285156, "loss": 2.135734474658966, "time": 0.045290803909301756, "epoch": 1, "iter": 110, "memory": 204, "step": 110}
{"lr": 0.1, "data_time": 0.028887462615966798, "loss": 2.085558903217316, "time": 0.045944714546203615, "epoch": 1, "iter": 120, "memory": 204, "step": 120}
{"lr": 0.1, "data_time": 0.029442143440246583, "loss": 1.9861412644386292, "time": 0.04771513938903808, "epoch": 1, "iter": 130, "memory": 204, "step": 130}
{"lr": 0.1, "data_time": 0.03029959201812744, "loss": 2.01309871673584, "time": 0.047913193702697754, "epoch": 1, "iter": 140, "memory": 204, "step": 140}
{"lr": 0.1, "data_time": 0.03189377784729004, "loss": 2.018393349647522, "time": 0.04962191581726074, "epoch": 1, "iter": 150, "memory": 204, "step": 150}
{"lr": 0.1, "data_time": 0.03214817047119141, "loss": 2.0278221487998964, "time": 0.05047793388366699, "epoch": 1, "iter": 160, "memory": 204, "step": 160}
{"lr": 0.1, "data_time": 0.03154356479644775, "loss": 1.9036682486534118, "time": 0.051253342628479005, "epoch": 1, "iter": 170, "memory": 204, "step": 170}
{"lr": 0.1, "data_time": 0.031186771392822266, "loss": 1.851005756855011, "time": 0.05223560333251953, "epoch": 1, "iter": 180, "memory": 204, "step": 180}
{"lr": 0.1, "data_time": 0.02948892116546631, "loss": 1.9021973967552186, "time": 0.04833517074584961, "epoch": 1, "iter": 190, "memory": 204, "step": 190}
{"lr": 0.1, "data_time": 0.027443599700927735, "loss": 1.8607036590576171, "time": 0.04652736186981201, "epoch": 1, "iter": 200, "memory": 204, "step": 200}
{"lr": 0.1, "data_time": 0.026024794578552245, "loss": 1.7953122138977051, "time": 0.043459510803222655, "epoch": 1, "iter": 210, "memory": 204, "step": 210}
{"lr": 0.1, "data_time": 0.024505472183227538, "loss": 1.8385850429534911, "time": 0.041497230529785156, "epoch": 1, "iter": 220, "memory": 204, "step": 220}
{"lr": 0.1, "data_time": 0.021935129165649415, "loss": 1.7665292501449585, "time": 0.039402341842651366, "epoch": 1, "iter": 230, "memory": 204, "step": 230}
{"lr": 0.1, "data_time": 0.01967751979827881, "loss": 1.8273681282997132, "time": 0.0348283052444458, "epoch": 1, "iter": 240, "memory": 204, "step": 240}
{"lr": 0.1, "data_time": 0.018648719787597655, "loss": 1.757167887687683, "time": 0.03362264633178711, "epoch": 1, "iter": 250, "memory": 204, "step": 250}
{"lr": 0.1, "data_time": 0.019526410102844238, "loss": 1.730359387397766, "time": 0.03274664878845215, "epoch": 1, "iter": 260, "memory": 204, "step": 260}
{"lr": 0.1, "data_time": 0.018825888633728027, "loss": 1.768677258491516, "time": 0.03338179588317871, "epoch": 1, "iter": 270, "memory": 204, "step": 270}
{"lr": 0.1, "data_time": 0.019122791290283204, "loss": 1.6840558648109436, "time": 0.03261456489562988, "epoch": 1, "iter": 280, "memory": 204, "step": 280}
{"lr": 0.1, "data_time": 0.019411492347717284, "loss": 1.6491984963417052, "time": 0.033958959579467776, "epoch": 1, "iter": 290, "memory": 204, "step": 290}
{"lr": 0.1, "data_time": 0.019571328163146974, "loss": 1.668063473701477, "time": 0.0333512544631958, "epoch": 1, "iter": 300, "memory": 204, "step": 300}
{"lr": 0.1, "data_time": 0.01843395233154297, "loss": 1.744780468940735, "time": 0.033416247367858885, "epoch": 1, "iter": 310, "memory": 204, "step": 310}
{"lr": 0.1, "data_time": 0.019706153869628908, "loss": 1.720666193962097, "time": 0.03330528736114502, "epoch": 1, "iter": 320, "memory": 204, "step": 320}
{"lr": 0.1, "data_time": 0.01902191638946533, "loss": 1.7460771441459655, "time": 0.03309245109558105, "epoch": 1, "iter": 330, "memory": 204, "step": 330}
{"lr": 0.1, "data_time": 0.018904519081115723, "loss": 1.7267370343208313, "time": 0.032864713668823244, "epoch": 1, "iter": 340, "memory": 204, "step": 340}
{"lr": 0.1, "data_time": 0.019020509719848634, "loss": 1.693532645702362, "time": 0.03340942859649658, "epoch": 1, "iter": 350, "memory": 204, "step": 350}
{"lr": 0.1, "data_time": 0.020515751838684083, "loss": 1.662208652496338, "time": 0.03319907188415527, "epoch": 1, "iter": 360, "memory": 204, "step": 360}
{"lr": 0.1, "data_time": 0.019724702835083006, "loss": 1.5980813026428222, "time": 0.03464727401733399, "epoch": 1, "iter": 370, "memory": 204, "step": 370}
{"lr": 0.1, "data_time": 0.01980128288269043, "loss": 1.587890338897705, "time": 0.03535144329071045, "epoch": 1, "iter": 380, "memory": 204, "step": 380}
{"lr": 0.1, "data_time": 0.02056281566619873, "loss": 1.6037034869194031, "time": 0.035500097274780276, "epoch": 1, "iter": 390, "memory": 204, "step": 390}
{"accuracy": 43.22800064086914, "data_time": 0.012339731616437283, "time": 0.019527636525576073, "step": 1}
{"lr": 0.09999383162408304, "data_time": 0.021991324424743653, "loss": 1.63873211145401, "time": 0.0434628963470459, "epoch": 2, "iter": 401, "memory": 204, "step": 401}
{"lr": 0.09999383162408304, "data_time": 0.020291924476623535, "loss": 1.5912277340888976, "time": 0.034711909294128415, "epoch": 2, "iter": 411, "memory": 204, "step": 411}
{"lr": 0.09999383162408304, "data_time": 0.02019639015197754, "loss": 1.5449077486991882, "time": 0.03591928482055664, "epoch": 2, "iter": 421, "memory": 204, "step": 421}
{"lr": 0.09999383162408304, "data_time": 0.02069723606109619, "loss": 1.542112982273102, "time": 0.036628890037536624, "epoch": 2, "iter": 431, "memory": 204, "step": 431}
{"lr": 0.09999383162408304, "data_time": 0.02137298583984375, "loss": 1.5456414103507996, "time": 0.03727118968963623, "epoch": 2, "iter": 441, "memory": 204, "step": 441}
{"lr": 0.09999383162408304, "data_time": 0.022299933433532714, "loss": 1.5141649127006531, "time": 0.03825242519378662, "epoch": 2, "iter": 451, "memory": 204, "step": 451}
{"lr": 0.09999383162408304, "data_time": 0.023024463653564455, "loss": 1.5572790861129762, "time": 0.03883879184722901, "epoch": 2, "iter": 461, "memory": 204, "step": 461}
{"lr": 0.09999383162408304, "data_time": 0.024032902717590333, "loss": 1.5500822424888612, "time": 0.039396071434021, "epoch": 2, "iter": 471, "memory": 204, "step": 471}
{"lr": 0.09999383162408304, "data_time": 0.02552647590637207, "loss": 1.5393330693244933, "time": 0.040941619873046876, "epoch": 2, "iter": 481, "memory": 204, "step": 481}
{"lr": 0.09999383162408304, "data_time": 0.02614328861236572, "loss": 1.5579725623130798, "time": 0.04325349330902099, "epoch": 2, "iter": 491, "memory": 204, "step": 491}
{"lr": 0.09999383162408304, "data_time": 0.025813531875610352,